product_name,product_id,x,y,z
green_cube,0,0.14328971792522066,0.02,0.22131892504394451
